tag,support,precision,recall,f1
[* m:=ed],26,0.956522,0.846154,0.897959
[* m:03s:a],25,0.718750,0.920000,0.807018
