tag,support,precision,recall,f1
[* m:=ed],27,0.666667,0.148148,0.242424
[* m:03s:a],24,0.650000,0.541667,0.590909
