tag,support,precision,recall,f1
[* m:=ed],26,0.333333,0.038462,0.068966
[* m:03s:a],25,0.000000,0.000000,0.000000
