tag,support,precision,recall,f1
[* m:=ed],27,1.000000,0.185185,0.312500
[* m:03s:a],24,0.000000,0.000000,0.000000
