split,n,exact_match,micro_f1,ci_low,ci_high,confirmatory_labels,exploratory_labels
eval_real,689,0.757620,0.096491,0.044548,0.153110,2,24
test_real,687,0.775837,0.112676,0.055556,0.175930,2,23
eval_coverage,370,0.337838,0.383099,0.327462,0.433600,36,0
test_coverage,370,0.324324,0.363889,0.313287,0.412357,36,0
holdout_generalization,591,0.000000,0.000000,0.000000,0.000000,4,8
