tag,support,precision,recall,f1
[* m:=ed],26,0.500000,0.038462,0.071429
[* m:03s:a],25,0.500000,0.240000,0.324324
