n,llf,aic
1480,-490.5424618681072,993.0849237362144
