term,beta,or,ci95_low,ci95_high,p_value
Intercept,3.399124966862605,29.93789193507896,15.575093641905179,57.54555279879724,2.076201867951104e-24
C(trace_method)[T.real_output_exact],0.536934392175448,1.7107543133621437,0.9791402475846581,2.989030762351676,0.05930086467651694
C(run_name)[T.acl_rr_exp2_abs_nonword_seed3407],0.20905743749871303,1.2325157891212697,0.6984457074850834,2.1749652895757383,0.47063134013764907
C(run_name)[T.acl_rr_exp2_abs_off_no_recon_seed3407],0.12184723167965308,1.129581524326304,0.6458645571342695,1.9755758479158616,0.66922017477072
C(run_name)[T.acl_rr_exp2_abs_on_manual_seed3407],0.12184723167965314,1.1295815243263043,0.6458645571342696,1.9755758479158618,0.66922017477072
C(run_name)[T.acl_rr_exp4_unseen_tags_seed3407],0.08010714987734514,1.083403147970273,0.6220075721466024,1.8870548102511697,0.7772176751460195
C(provenance_label)[T.TD],0.08341004941900951,1.086987435743905,0.6980465902216226,1.6926401504088475,0.712024779411331
error_count,-2.0348598204777826,0.13069880251564084,0.08878262028127934,0.19240451481273105,6.115101128411528e-25
