dataset,n,split_coef_name,split_logodds_synthetic_vs_real,split_or_synthetic_vs_real,split_or_ci95_low,split_or_ci95_high,pred_acc_real_standardized,pred_acc_synthetic_standardized,interaction_lrt_stat,interaction_lrt_p
all_items,4175,C(split_bin)[T.synthetic],0.5361919504817804,1.7094846494163292,1.1312748493344116,2.5832252598114724,0.9310077963850486,0.954164863326344,0.09487346255536977,0.7580706439008904
error_only,1155,C(split_bin)[T.synthetic],0.6683928397352844,1.9510990705772855,1.2370972868292587,3.0771933814231636,0.7872074744484869,0.8682184662719107,1.674951693883827,0.19559660642970877
