n,llf,aic
3435,-476.192927201295,968.38585440259
