term,beta,or,ci95_low,ci95_high,p_value
Intercept,4.281949764661629,72.38142926766574,35.92732378988612,145.82414580807003,4.4298953982427094e-33
C(trace_method)[T.curated_synthetic_input],0.5078890413812794,1.6617795419263761,1.1231455577151463,2.4587296161174996,0.011052693180114976
C(trace_method)[T.synthetic_no_real_match],-0.5423617086265891,0.5813735947086104,0.38543486693020806,0.8769192556874036,0.009700941609762863
C(run_name)[T.acl_rr_exp2_abs_off_no_recon_seed3407],-0.07136756074476765,0.9311195862137611,0.6685668640574626,1.2967793207238125,0.6728214968775111
C(split)[T.test_coverage],0.12570385508646162,1.1339463061227606,0.8139291404566964,1.5797864473164955,0.4574610674996046
error_count,-2.2299815302800092,0.10753041617413134,0.06252686673070029,0.18492515309270455,7.536326262216354e-16
