split_bin,error_count,n,acc
real,0,3000,0.983
real,1,370,0.8297297297297297
real,2,55,0.18181818181818182
real,3,10,0.7
synthetic,0,20,0.85
synthetic,1,694,0.9063400576368876
synthetic,2,26,0.46153846153846156
