{
  "note": "Split proxies provenance (test_real=real, test_coverage=synthetic) in current exports.",
  "model_file": "followup_logit_split_effect.csv",
  "pattern_file": "followup_error_count_pattern_real_vs_synth.csv",
  "results": [
    {
      "dataset": "all_items",
      "n": 4175,
      "split_coef_name": "C(split_bin)[T.synthetic]",
      "split_logodds_synthetic_vs_real": 0.5361919504817804,
      "split_or_synthetic_vs_real": 1.7094846494163292,
      "split_or_ci95_low": 1.1312748493344116,
      "split_or_ci95_high": 2.5832252598114724,
      "pred_acc_real_standardized": 0.9310077963850486,
      "pred_acc_synthetic_standardized": 0.954164863326344,
      "interaction_lrt_stat": 0.09487346255536977,
      "interaction_lrt_p": 0.7580706439008904
    },
    {
      "dataset": "error_only",
      "n": 1155,
      "split_coef_name": "C(split_bin)[T.synthetic]",
      "split_logodds_synthetic_vs_real": 0.6683928397352844,
      "split_or_synthetic_vs_real": 1.9510990705772855,
      "split_or_ci95_low": 1.2370972868292587,
      "split_or_ci95_high": 3.0771933814231636,
      "pred_acc_real_standardized": 0.7872074744484869,
      "pred_acc_synthetic_standardized": 0.8682184662719107,
      "interaction_lrt_stat": 1.674951693883827,
      "interaction_lrt_p": 0.19559660642970877
    }
  ]
}