min_support_each_split,n_overlap_labels,pearson,spearman
5,4,-0.7776685741574798,-0.632455532033676
10,3,0.004009344644187401,0.0
20,0,,
