tag,support,precision,recall,f1
[* m:allo],0,0.000000,0.000000,0.000000
[* m:base:en],0,0.000000,0.000000,0.000000
[* m:base:er],0,0.000000,0.000000,0.000000
[* m:base:est],0,0.000000,0.000000,0.000000
[* s:r:der],0,0.000000,0.000000,0.000000
[* s:r:gc:det],0,0.000000,0.000000,0.000000
[* s:r:prep],0,0.000000,0.000000,0.000000
