tag,support,precision,recall,f1
[* m:=ed],26,1.000000,0.038462,0.074074
[* m:03s:a],25,0.408163,0.800000,0.540541
