split,n,exact_match,micro_f1,ci_low,ci_high,confirmatory_labels,exploratory_labels
eval_real,689,0.925980,0.851064,0.789324,0.906159,2,20
test_real,687,0.898108,0.721649,0.638366,0.800000,2,17
eval_coverage,370,0.781081,0.914518,0.885782,0.941353,36,0
test_coverage,370,0.772973,0.906631,0.876770,0.931866,36,0
holdout_generalization,591,0.000000,0.000000,0.000000,0.000000,4,9
