tag,support,precision,recall,f1
[* m:=ed],26,0.913043,0.807692,0.857143
[* m:03s:a],25,0.821429,0.920000,0.867925
