tag,support,precision,recall,f1
[* m:=ed],27,0.900000,1.000000,0.947368
[* m:03s:a],24,0.880000,0.916667,0.897959
