tag,support,precision,recall,f1
[* m:++en:i],0,0.000000,0.000000,0.000000
[* m:0's],0,0.000000,0.000000,0.000000
[* m:0ed],0,0.000000,0.000000,0.000000
[* m:0s:a],0,0.000000,0.000000,0.000000
[* m:base:er],0,0.000000,0.000000,0.000000
[* m:base:est],0,0.000000,0.000000,0.000000
[* s:r:der],0,0.000000,0.000000,0.000000
[* s:r:gc:det],0,0.000000,0.000000,0.000000
[* s:r:prep],0,0.000000,0.000000,0.000000
