split,n,exact_match,micro_f1,ci_low,ci_high,confirmatory_labels,exploratory_labels
eval_real,689,0.941945,0.797814,0.728261,0.864833,2,17
test_real,687,0.934498,0.765027,0.687488,0.833333,2,15
eval_coverage,370,0.854054,0.909589,0.881158,0.936304,36,0
test_coverage,370,0.875676,0.938608,0.914641,0.957537,36,0
holdout_generalization,591,0.000000,0.000000,0.000000,0.000000,4,7
