tag,support,precision,recall,f1
[* m:=ed],26,1.000000,0.730769,0.844444
[* m:03s:a],25,0.733333,0.880000,0.800000
