tag,support,precision,recall,f1
[* m:=ed],27,0.920000,0.851852,0.884615
[* m:03s:a],24,0.814815,0.916667,0.862745
