tag,support,precision,recall,f1
[* m:=ed],26,1.000000,0.846154,0.916667
[* m:03s:a],25,0.687500,0.880000,0.771930
