tag,support,precision,recall,f1
[* m:=ed],27,0.928571,0.962963,0.945455
[* m:03s:a],24,0.807692,0.875000,0.840000
