tag,support,precision,recall,f1
[* m:=ed],27,1.000000,0.259259,0.411765
[* m:03s:a],24,0.327273,0.750000,0.455696
