tag,support,precision,recall,f1
[* m:=ed],27,0.962963,0.962963,0.962963
[* m:03s:a],24,1.000000,0.875000,0.933333
