tag,support,precision,recall,f1
[* m:vun:a],9,0.818182,1.000000,0.900000
[* s:r:gc:det],8,1.000000,0.875000,0.933333
