tag,support,precision,recall,f1
[* m:=ed],27,0.750000,0.111111,0.193548
[* m:03s:a],24,0.285714,0.083333,0.129032
