tag,support,precision,recall,f1
[* m:++en:i],0,0.000000,0.000000,0.000000
[* m:++s],0,0.000000,0.000000,0.000000
[* m:+ed],0,0.000000,0.000000,0.000000
[* m:0's],0,0.000000,0.000000,0.000000
[* m:base:er],0,0.000000,0.000000,0.000000
[* m:base:est],0,0.000000,0.000000,0.000000
[* m:irr:s],0,0.000000,0.000000,0.000000
[* s:r:prep],0,0.000000,0.000000,0.000000
