tag,support,precision,recall,f1
[* m:++er],152,1.000000,0.019737,0.038710
[* m:0est],150,0.000000,0.000000,0.000000
[* m:0er],145,0.000000,0.000000,0.000000
[* m:++est],144,0.000000,0.000000,0.000000
