tag,support,precision,recall,f1
[* m:=ed],26,1.000000,0.769231,0.869565
[* m:03s:a],25,0.814815,0.880000,0.846154
