tag,support,precision,recall,f1
[* m:++er],152,1.000000,0.118421,0.211765
[* m:0est],150,0.000000,0.000000,0.000000
[* m:0er],145,0.000000,0.000000,0.000000
[* m:++est],141,1.000000,0.106383,0.192308
