tag,support,precision,recall,f1
[* m:++est:i],3,0.000000,0.000000,0.000000
[* m:++ed],0,0.000000,0.000000,0.000000
[* m:allo],0,0.000000,0.000000,0.000000
[* m:base:er],0,0.000000,0.000000,0.000000
[* m:base:est],0,0.000000,0.000000,0.000000
[* s:r:der],0,0.000000,0.000000,0.000000
[* s:r:prep],0,0.000000,0.000000,0.000000
