tag,support,precision,recall,f1
[* m:=ed],26,0.900000,0.346154,0.500000
[* m:03s:a],25,0.411765,0.560000,0.474576
