tag,support,precision,recall,f1
[* m:=ed],26,0.200000,0.038462,0.064516
[* m:03s:a],25,0.772727,0.680000,0.723404
