{
  "train_runtime": 434.9287,
  "train_samples_per_second": 7.946,
  "train_steps_per_second": 0.248,
  "total_flos": 3.2164740548591616e+16,
  "train_loss": 0.47657894205164025,
  "epoch": 3.0
}