tag,support,precision,recall,f1
[* m:base:ed],9,0.800000,0.888889,0.842105
[* m:+s],1,0.000000,0.000000,0.000000
