tag,support,precision,recall,f1
[* m:=ed],26,0.958333,0.884615,0.920000
[* m:03s:a],25,0.766667,0.920000,0.836364
