tag,support,precision,recall,f1
[* m:=ed],26,1.000000,0.807692,0.893617
[* m:03s:a],25,0.793103,0.920000,0.851852
