split,n_runs,exact_match_mean,exact_match_std,micro_f1_mean,micro_f1_std,micro_precision_mean,micro_precision_std,micro_recall_mean,micro_recall_std
eval_real,3,0.7634252539912917,0.012818230575221811,0.1678233520482429,0.08604958764008791,0.14349477682811018,0.0742143216597789,0.2021276595744681,0.10240800764676349
test_real,3,0.7753517709849588,0.00892031844291615,0.14091839533016004,0.08691957205503949,0.12599616238160818,0.07766568129607959,0.1598639455782313,0.09869808250712184
eval_coverage,3,0.2828828828828829,0.08501946477408306,0.3166054080981285,0.09285921495552414,0.3296206154435543,0.09732980701963724,0.3045822102425876,0.08877163878477319
test_coverage,3,0.2684684684684685,0.06506475706402808,0.3002696363607058,0.08327746300295161,0.3059629977965879,0.08411954217717293,0.2948028673835125,0.08248596037896098
holdout_generalization,3,0.0,0.0,0.0,0.0,0.0,0.0,0.0,0.0
