{
  "baseline_name": "recon_mini_nonwordonly",
  "runs": [
    "recon_mini_nonwordonly_seed3407",
    "recon_mini_nonwordonly_seed3408",
    "recon_mini_nonwordonly_seed3409"
  ],
  "splits": {
    "eval_real": {
      "n_runs": 3,
      "exact_match_mean": 0.7634252539912917,
      "exact_match_std": 0.012818230575221811,
      "exact_match_min": 0.7460087082728593,
      "exact_match_max": 0.7764876632801161,
      "micro_f1_mean": 0.1678233520482429,
      "micro_f1_std": 0.08604958764008791,
      "micro_f1_min": 0.05240174672489083,
      "micro_f1_max": 0.2589285714285714,
      "micro_precision_mean": 0.14349477682811018,
      "micro_precision_std": 0.0742143216597789,
      "micro_precision_min": 0.044444444444444446,
      "micro_precision_max": 0.2230769230769231,
      "micro_recall_mean": 0.2021276595744681,
      "micro_recall_std": 0.10240800764676349,
      "micro_recall_min": 0.06382978723404255,
      "micro_recall_max": 0.30851063829787234
    },
    "test_real": {
      "n_runs": 3,
      "exact_match_mean": 0.7753517709849588,
      "exact_match_std": 0.00892031844291615,
      "exact_match_min": 0.7641921397379913,
      "exact_match_max": 0.7860262008733624,
      "micro_f1_mean": 0.14091839533016004,
      "micro_f1_std": 0.08691957205503949,
      "micro_f1_min": 0.01818181818181818,
      "micro_f1_max": 0.20814479638009048,
      "micro_precision_mean": 0.12599616238160818,
      "micro_precision_std": 0.07766568129607959,
      "micro_precision_min": 0.01639344262295082,
      "micro_precision_max": 0.18699186991869918,
      "micro_recall_mean": 0.1598639455782313,
      "micro_recall_std": 0.09869808250712184,
      "micro_recall_min": 0.02040816326530612,
      "micro_recall_max": 0.23469387755102042
    },
    "eval_coverage": {
      "n_runs": 3,
      "exact_match_mean": 0.2828828828828829,
      "exact_match_std": 0.08501946477408306,
      "exact_match_min": 0.17027027027027028,
      "exact_match_max": 0.37567567567567567,
      "micro_f1_mean": 0.3166054080981285,
      "micro_f1_std": 0.09285921495552414,
      "micro_f1_min": 0.195258019525802,
      "micro_f1_max": 0.42075736325385693,
      "micro_precision_mean": 0.3296206154435543,
      "micro_precision_std": 0.09732980701963724,
      "micro_precision_min": 0.2023121387283237,
      "micro_precision_max": 0.43859649122807015,
      "micro_recall_mean": 0.3045822102425876,
      "micro_recall_std": 0.08877163878477319,
      "micro_recall_min": 0.18867924528301888,
      "micro_recall_max": 0.40431266846361186
    },
    "test_coverage": {
      "n_runs": 3,
      "exact_match_mean": 0.2684684684684685,
      "exact_match_std": 0.06506475706402808,
      "exact_match_min": 0.1783783783783784,
      "exact_match_max": 0.32972972972972975,
      "micro_f1_mean": 0.3002696363607058,
      "micro_f1_std": 0.08327746300295161,
      "micro_f1_min": 0.186556927297668,
      "micro_f1_max": 0.38367346938775515,
      "micro_precision_mean": 0.3059629977965879,
      "micro_precision_std": 0.08411954217717293,
      "micro_precision_min": 0.19047619047619047,
      "micro_precision_max": 0.3884297520661157,
      "micro_recall_mean": 0.2948028673835125,
      "micro_recall_std": 0.08248596037896098,
      "micro_recall_min": 0.1827956989247312,
      "micro_recall_max": 0.3790322580645161
    },
    "holdout_generalization": {
      "n_runs": 3,
      "exact_match_mean": 0.0,
      "exact_match_std": 0.0,
      "exact_match_min": 0.0,
      "exact_match_max": 0.0,
      "micro_f1_mean": 0.0,
      "micro_f1_std": 0.0,
      "micro_f1_min": 0.0,
      "micro_f1_max": 0.0,
      "micro_precision_mean": 0.0,
      "micro_precision_std": 0.0,
      "micro_precision_min": 0.0,
      "micro_precision_max": 0.0,
      "micro_recall_mean": 0.0,
      "micro_recall_std": 0.0,
      "micro_recall_min": 0.0,
      "micro_recall_max": 0.0
    }
  }
}