tag,support,precision,recall,f1
[* m:=ed],27,0.666667,0.296296,0.410256
[* m:03s:a],24,0.000000,0.000000,0.000000
