tag,support,precision,recall,f1
[* m:=ed],26,0.833333,0.192308,0.312500
[* m:03s:a],25,0.500000,0.040000,0.074074
