{
  "train_runtime": 443.3299,
  "train_samples_per_second": 7.796,
  "train_steps_per_second": 0.244,
  "total_flos": 3.218071015784448e+16,
  "train_loss": 0.4760493978306099,
  "epoch": 3.0
}