tag,support,precision,recall,f1
[* m:=ed],26,0.954545,0.807692,0.875000
[* m:03s:a],25,0.750000,0.840000,0.792453
