tag,support,precision,recall,f1
[* m:=ed],27,0.850000,0.629630,0.723404
[* m:03s:a],24,0.368421,0.583333,0.451613
