tag,support,precision,recall,f1
[* m:=ed],27,0.896552,0.962963,0.928571
[* m:03s:a],24,0.875000,0.875000,0.875000
